Workbook
Name Resturlaub: '2026'!$B$7
Name Urlaub: '2026'!$B$4

Sheet 2026
A2: Jahresliste 2026
A3: Name | B3: Vadim Erke
A4: Urlaub | B4: 30
A5: Urlaub Vorjahr
A6: Urlaub genommen | B6: =SUM('Januar 2026'!I35,'Februar 2026'!I35,'März 2026'!I35,'April 2026'!I35,'Mai 2026'!I35,'Juni 2026'!I35,'Juli 2026'!I35,'August 2026'!I35,'September 2026'!I35,'Oktober 2026'!I35,'November 2026'!I35,'Dezember 2026'!I35) -> 8
A7: Resturlaub | B7: =Urlaub+B5-B6 -> 22
A8: Krankheitstage | B8: =SUM('Januar 2026'!J35,'Februar 2026'!J35,'März 2026'!J35,'April 2026'!J35,'Mai 2026'!J35,'Juni 2026'!J35,'Juli 2026'!J35,'August 2026'!J35,'September 2026'!J35,'Oktober 2026'!J35,'November 2026'!J35,'Dezember 2026'!J35) -> 0
A9: Kontostand Stunden

Sheet Januar 2026
A1: 1 | B1: =DATE(D1,A1,1) -> 46023 | C1: ='2026'!B3 -> Vadim Erke | D1: 2026
B2: Übertrag von Vormonat
B3: Arbeitsort | C3: Stunden | D3: Stunden | E3: Stunden | F3: Stunden | G3: Werkstatt | H3: Stunden Summe | I3: Urlaub | J3: Krank
A4: =DATE($D$1,$A$1,1) -> 46023 | H4: =SUM(C4:G4) -> 0
A5: =A4+1 -> 46024 | H5: =SUM(C5:G5) -> 0
A6: =A5+1 -> 46025 | H6: =SUM(C6:G6) -> 0
A7: =A6+1 -> 46026 | H7: =SUM(C7:G7) -> 0
A8: =A7+1 -> 46027 | H8: =SUM(C8:G8) -> 0
A9: =A8+1 -> 46028 | H9: =SUM(C9:G9) -> 0
A10: =A9+1 -> 46029 | B10: /Agrano | D10: 1.25 | H10: =SUM(C10:G10) -> 1.25
A11: =A10+1 -> 46030 | B11: Kopp | C11: 6 | H11: =SUM(C11:G11) -> 6
A12: =A11+1 -> 46031 | B12: Taifun | C12: 8 | H12: =SUM(C12:G12) -> 8
A13: =A12+1 -> 46032 | H13: =SUM(C13:G13) -> 0
A14: =A13+1 -> 46033 | H14: =SUM(C14:G14) -> 0
A15: =A14+1 -> 46034 | H15: =SUM(C15:G15) -> 0
A16: =A15+1 -> 46035 | B16: Agrano | C16: 8.5 | H16: =SUM(C16:G16) -> 8.5
A17: =A16+1 -> 46036 | B17: Taifun/Agrano | C17: 2 | D17: 6 | H17: =SUM(C17:G17) -> 8
A18: =A17+1 -> 46037 | B18: Taifun | C18: 6 | H18: =SUM(C18:G18) -> 6
A19: =A18+1 -> 46038 | B19: Taifun | C19: 5 | H19: =SUM(C19:G19) -> 5
A20: =A19+1 -> 46039 | B20: Taifun/SMF | C20: 5 | D20: 7 | H20: =SUM(C20:G20) -> 12
A21: =A20+1 -> 46040 | B21: SMF | D21: 9 | H21: =SUM(C21:G21) -> 9
A22: =A21+1 -> 46041 | B22: Taifun | C22: 4.5 | H22: =SUM(C22:G22) -> 4.5 | K22: Sollstunden
A23: =A22+1 -> 46042 | B23: Monte | C23: 2.5 | H23: =SUM(C23:G23) -> 2.5 | K23: Überstunden | L23: =IMSUB(E37,L22) -> 155,25
A24: =A23+1 -> 46043 | B24: Taifun | D24: 6 | H24: =SUM(C24:G24) -> 6 | K24: Stunden Ausbezahlt
A25: =A24+1 -> 46044 | B25: Taifun/Taifun/Black | C25: 1 | D25: 3.75 | E25: 2 | H25: =SUM(C25:G25) -> 6.75 | K25: Restsaldo | L25: =IMSUB(L23,L24) -> 155,25
A26: =A25+1 -> 46045 | B26: SMF/Taifun/SMF | C26: 7 | D26: 1 | E26: 2 | H26: =SUM(C26:G26) -> 10 | K26: Kontostand Stunden | L26: =L25+'2026'!B9 -> 155.25
A27: =A26+1 -> 46046 | B27: SMF | C27: 10 | H27: =SUM(C27:G27) -> 10
A28: =A27+1 -> 46047 | H28: =SUM(C28:G28) -> 0
A29: =A28+1 -> 46048 | B29: FVAG/SMF | C29: 5 | D29: 8 | H29: =SUM(C29:G29) -> 13
A30: =A29+1 -> 46049 | B30: FVAG/Gall/Gall/Taifun | C30: 6 | D30: 1 | E30: 0.5 | F30: 0.5 | H30: =SUM(C30:G30) -> 8
A31: =A30+1 -> 46050 | B31: Taifun | F31: 8 | H31: =SUM(C31:G31) -> 8 | K31: Jahsresurlaub
A32: =A31+1 -> 46051 | B32: Taifun | F32: 8 | H32: =SUM(C32:G32) -> 8 | K32: =Urlaub -> 30
A33: =A32+1 -> 46052 | B33: Taifun | F33: 8 | H33: =SUM(C33:G33) -> 8
A34: =A33+1 -> 46053 | B34: Gall | C34: 6.75 | H34: =SUM(C34:G34) -> 6.75 | K34: Resturlaub
C35: =C4+C5+C6+C7+C8+C9+C10+C11+C12+C13+C14+C15+C16+C17+C18+C19+C20+C21+C22+C23+C24+C25+C26+C27+C28+C29+C30+C31+C32+C33+C34 -> 83.25 | D35: =D4+D5+D6+D7+D8+D9+D10+D11+D12+D13+D14+D15+D16+D17+D18+D19+D20+D21+D22+D23+D24+D25+D26+D27+D28+D29+D30+D31+D32+D33+D34 -> 43 | E35: =E4+E5+E6+E7+E8+E9+E10+E11+E12+E13+E14+E15+E16+E17+E18+E19+E20+E21+E22+E23+E24+E25+E26+E27+E28+E29+E30+E31+E32+E33+E34 -> 4.5 | F35: =SUM(F4:F34) -> 24.5 | G35: =SUM(G4:G34) -> 0 | H35: =SUM(H4:H34) -> 155.25 | I35: =SUM(I4:I34) -> 0 | J35: =SUM(J4:J34) -> 0 | K35: =Resturlaub -> 22
E37: =E2+H35 -> 155.25

Sheet Februar 2026
A1: 2 | B1: =DATE(D1,A1,1) -> 46054 | C1: ='2026'!B3 -> Vadim Erke | D1: 2026
B2: Übertrag von Vormonat | E2: ='Januar 2026'!L25 -> 155,25
B3: Arbeitsort | C3: Stunden | D3: Stunden | E3: Stunden | F3: Stunden | G3: Werkstatt | H3: Stunden Summe | I3: Urlaub | J3: Krank
A4: =DATE($D$1,$A$1,1) -> 46054 | H4: =SUM(C4:G4) -> 0
A5: =A4+1 -> 46055 | B5: Taifun/Kopp/Aquakinetics/AS | C5: 2.75 | D5: 3.75 | E5: 1 | G5: 1.5 | H5: =SUM(C5:G5) -> 9
A6: =A5+1 -> 46056 | B6: Taifun | C6: 8 | H6: =SUM(C6:G6) -> 8
A7: =A6+1 -> 46057 | B7: Taifun | C7: 7 | H7: =SUM(C7:G7) -> 7
A8: =A7+1 -> 46058 | B8: Taifun | C8: 4.5 | H8: =SUM(C8:G8) -> 4.5
A9: =A8+1 -> 46059 | B9: Agrano/Agrano/Fraunfofer | C9: 1 | D9: 6 | E9: 1 | H9: =SUM(C9:G9) -> 8
A10: =A9+1 -> 46060 | B10: Taifun/Gall | C10: 5.5 | D10: 1.75 | H10: =SUM(C10:G10) -> 7.25
A11: =A10+1 -> 46061 | H11: =SUM(C11:G11) -> 0
A12: =A11+1 -> 46062 | B12: Fraunfofer/Agrano/Agrano | C12: 3 | D12: 1 | E12: 4 | H12: =SUM(C12:G12) -> 8
A13: =A12+1 -> 46063 | B13: /Agrano/Agrano | D13: 2.5 | E13: 6 | H13: =SUM(C13:G13) -> 8.5
A14: =A13+1 -> 46064 | H14: =SUM(C14:G14) -> 0
A15: =A14+1 -> 46065 | B15: SMF | C15: 2 | H15: =SUM(C15:G15) -> 2
A16: =A15+1 -> 46066 | B16: SMF | C16: 8 | H16: =SUM(C16:G16) -> 8
A17: =A16+1 -> 46067 | H17: =SUM(C17:G17) -> 0
A18: =A17+1 -> 46068 | H18: =SUM(C18:G18) -> 0
A19: =A18+1 -> 46069 | B19: SMF/Taifun | C19: 7 | D19: 1 | H19: =SUM(C19:G19) -> 8
A20: =A19+1 -> 46070 | B20: SMF/Taifun | C20: 7 | D20: 1 | H20: =SUM(C20:G20) -> 8
A21: =A20+1 -> 46071 | B21: SMF/Taifun | C21: 7 | D21: 1 | H21: =SUM(C21:G21) -> 8
A22: =A21+1 -> 46072 | B22: SMF/Taifun/Agrano | C22: 5 | D22: 2 | E22: 1 | H22: =SUM(C22:G22) -> 8 | K22: Sollstunden | L22: 174
A23: =A22+1 -> 46073 | B23: SMF | C23: 8 | H23: =SUM(C23:G23) -> 8 | K23: Überstunden | L23: =IMSUB(E37,L22) -> 145,5
A24: =A23+1 -> 46074 | B24: SMF | C24: 6 | H24: =SUM(C24:G24) -> 6 | K24: Stunden Ausbezahlt
A25: =A24+1 -> 46075 | H25: =SUM(C25:G25) -> 0 | K25: Restsaldo | L25: =IMSUB(L23,L24) -> 145,5
A26: =A25+1 -> 46076 | B26: SMF | C26: 8 | H26: =SUM(C26:G26) -> 8 | K26: Kontostand Stunden | L26: =L25+'2026'!B9 -> 145.5
A27: =A26+1 -> 46077 | B27: SMF | C27: 8 | H27: =SUM(C27:G27) -> 8
A28: =A27+1 -> 46078 | B28: SMF/Taifun | C28: 7 | D28: 1 | H28: =SUM(C28:G28) -> 8
A29: =A28+1 -> 46079 | B29: SMF/Becherer | C29: 2.5 | D29: 5.5 | H29: =SUM(C29:G29) -> 8
A30: =A29+1 -> 46080 | B30: SMF | C30: 8 | H30: =SUM(C30:G30) -> 8
A31: =A30+1 -> 46081 | B31: SMF | C31: 8 | H31: =SUM(C31:G31) -> 8 | K31: Jahsresurlaub
A32: =A31+1 -> 46082 | H32: =SUM(C32:G32) -> 0 | K32: =Urlaub -> 30
A33: =A32+1 -> 46083 | H33: =SUM(C33:G33) -> 0
A34: =A33+1 -> 46084 | H34: =SUM(C34:G34) -> 0 | K34: Resturlaub
C35: =C4+C5+C6+C7+C8+C9+C10+C11+C12+C13+C14+C15+C16+C17+C18+C19+C20+C21+C22+C23+C24+C25+C26+C27+C28+C29+C30+C31+C32+C33+C34 -> 123.25 | D35: =D4+D5+D6+D7+D8+D9+D10+D11+D12+D13+D14+D15+D16+D17+D18+D19+D20+D21+D22+D23+D24+D25+D26+D27+D28+D29+D30+D31+D32+D33+D34 -> 26.5 | E35: =E4+E5+E6+E7+E8+E9+E10+E11+E12+E13+E14+E15+E16+E17+E18+E19+E20+E21+E22+E23+E24+E25+E26+E27+E28+E29+E30+E31+E32+E33+E34 -> 13 | F35: =SUM(F4:F34) -> 0 | G35: =SUM(G4:G34) -> 1.5 | H35: =SUM(H4:H34) -> 164.25 | I35: =SUM(I4:I34) -> 0 | J35: =SUM(J4:J34) -> 0 | K35: =Resturlaub -> 22
E37: =E2+H35 -> 319.5

Sheet März 2026
A1: 3 | B1: =DATE(D1,A1,1) -> 46082 | C1: ='2026'!B3 -> Vadim Erke | D1: 2026
B2: Übertrag von Vormonat | E2: ='Februar 2026'!L25 -> 145,5
B3: Arbeitsort | C3: Stunden | D3: Stunden | E3: Stunden | F3: Stunden | G3: Werkstatt | H3: Stunden Summe | I3: Urlaub | J3: Krank
A4: =DATE($D$1,$A$1,1) -> 46082 | H4: =SUM(C4:G4) -> 0
A5: =A4+1 -> 46083 | B5: Taifun | C5: 6 | H5: =SUM(C5:G5) -> 6
A6: =A5+1 -> 46084 | B6: Milcona/Agrano/Agrano | C6: 0.75 | D6: 1.25 | E6: 6 | H6: =SUM(C6:G6) -> 8
A7: =A6+1 -> 46085 | B7: SMF/Agrano/Taifun | C7: 4.5 | D7: 3 | E7: 0.5 | H7: =SUM(C7:G7) -> 8
A8: =A7+1 -> 46086 | B8: SMF | C8: 6 | H8: =SUM(C8:G8) -> 6
A9: =A8+1 -> 46087 | B9: SMF | C9: 8 | H9: =SUM(C9:G9) -> 8
A10: =A9+1 -> 46088 | B10: SMF/Agrano/Agrano | C10: 3.5 | D10: 3 | E10: 2 | H10: =SUM(C10:G10) -> 8.5
A11: =A10+1 -> 46089 | H11: =SUM(C11:G11) -> 0
A12: =A11+1 -> 46090 | B12: Taifun/SMF | C12: 1.5 | D12: 8 | H12: =SUM(C12:G12) -> 9.5
A13: =A12+1 -> 46091 | H13: =SUM(C13:G13) -> 0
A14: =A13+1 -> 46092 | B14: SMF | D14: 5.5 | H14: =SUM(C14:G14) -> 5.5
A15: =A14+1 -> 46093 | B15: RückW/SMF | C15: 0.5 | D15: 8 | H15: =SUM(C15:G15) -> 8.5
A16: =A15+1 -> 46094 | B16: Rück/Agrano/SMF | C16: 3 | D16: 2.5 | E16: 9 | H16: =SUM(C16:G16) -> 14.5
A17: =A16+1 -> 46095 | B17: SMF | E17: 7 | H17: =SUM(C17:G17) -> 7
A18: =A17+1 -> 46096 | H18: =SUM(C18:G18) -> 0
A19: =A18+1 -> 46097 | B19: SMF/Taifun/Black | C19: 8 | D19: 3.5 | E19: 0.5 | H19: =SUM(C19:G19) -> 12
A20: =A19+1 -> 46098 | B20: SMF | C20: 2.5 | H20: =SUM(C20:G20) -> 2.5
A21: =A20+1 -> 46099 | H21: =SUM(C21:G21) -> 0
A22: =A21+1 -> 46100 | B22: SMF | C22: 9 | H22: =SUM(C22:G22) -> 9 | K22: Sollstunden
A23: =A22+1 -> 46101 | B23: SMF | C23: 10.75 | H23: =SUM(C23:G23) -> 10.75 | K23: Überstunden | L23: =IMSUB(E37,L22) -> 285,25
A24: =A23+1 -> 46102 | H24: =SUM(C24:G24) -> 0 | K24: Stunden Ausbezahlt
A25: =A24+1 -> 46103 | H25: =SUM(C25:G25) -> 0 | K25: Restsaldo | L25: =IMSUB(L23,L24) -> 285,25
A26: =A25+1 -> 46104 | H26: =SUM(C26:G26) -> 0 | K26: Kontostand Stunden | L26: =L25+'2026'!B9 -> 285.25
A27: =A26+1 -> 46105 | H27: =SUM(C27:G27) -> 0
A28: =A27+1 -> 46106 | H28: =SUM(C28:G28) -> 0
A29: =A28+1 -> 46107 | H29: =SUM(C29:G29) -> 0
A30: =A29+1 -> 46108 | H30: =SUM(C30:G30) -> 0
A31: =A30+1 -> 46109 | H31: =SUM(C31:G31) -> 0 | K31: Jahsresurlaub
A32: =A31+1 -> 46110 | H32: =SUM(C32:G32) -> 0 | K32: =Urlaub -> 30
A33: =A32+1 -> 46111 | B33: Urlaub | H33: 8 | I33: 1
A34: =A33+1 -> 46112 | B34: Urlaub | H34: 8 | I34: 1 | K34: Resturlaub
C35: =C4+C5+C6+C7+C8+C9+C10+C11+C12+C13+C14+C15+C16+C17+C18+C19+C20+C21+C22+C23+C24+C25+C26+C27+C28+C29+C30+C31+C32+C33+C34 -> 64 | D35: =D4+D5+D6+D7+D8+D9+D10+D11+D12+D13+D14+D15+D16+D17+D18+D19+D20+D21+D22+D23+D24+D25+D26+D27+D28+D29+D30+D31+D32+D33+D34 -> 34.75 | E35: =E4+E5+E6+E7+E8+E9+E10+E11+E12+E13+E14+E15+E16+E17+E18+E19+E20+E21+E22+E23+E24+E25+E26+E27+E28+E29+E30+E31+E32+E33+E34 -> 25 | F35: =SUM(F4:F34) -> 0 | G35: =SUM(G4:G34) -> 0 | H35: =SUM(H4:H34) -> 139.75 | I35: =SUM(I4:I34) -> 2 | J35: =SUM(J4:J34) -> 0 | K35: =Resturlaub -> 22
E37: =E2+H35 -> 285.25

Sheet April 2026
A1: 4 | B1: =DATE(D1,A1,1) -> 46113 | C1: ='2026'!B3 -> Vadim Erke | D1: 2026
B2: Übertrag von Vormonat | E2: ='März 2026'!L25 -> 285,25
B3: Arbeitsort | C3: Stunden | D3: Stunden | E3: Stunden | F3: Stunden | G3: Werkstatt | H3: Stunden Summe | I3: Urlaub | J3: Krank
A4: =DATE($D$1,$A$1,1) -> 46113 | B4: Urlaub | H4: 8 | I4: 1
A5: =A4+1 -> 46114 | B5: Urlaub | H5: 8 | I5: 1
A6: =A5+1 -> 46115 | B6: F/T | H6: 8
A7: =A6+1 -> 46116 | H7: =SUM(C7:G7) -> 0
A8: =A7+1 -> 46117 | H8: =SUM(C8:G8) -> 0
A9: =A8+1 -> 46118 | B9: F/T | H9: 8
A10: =A9+1 -> 46119 | H10: =SUM(C10:G10) -> 0
A11: =A10+1 -> 46120 | H11: =SUM(C11:G11) -> 0
A12: =A11+1 -> 46121 | H12: =SUM(C12:G12) -> 0
A13: =A12+1 -> 46122 | H13: =SUM(C13:G13) -> 0
A14: =A13+1 -> 46123 | H14: =SUM(C14:G14) -> 0
A15: =A14+1 -> 46124 | H15: =SUM(C15:G15) -> 0
A16: =A15+1 -> 46125 | H16: =SUM(C16:G16) -> 0
A17: =A16+1 -> 46126 | H17: =SUM(C17:G17) -> 0
A18: =A17+1 -> 46127 | H18: =SUM(C18:G18) -> 0
A19: =A18+1 -> 46128 | H19: =SUM(C19:G19) -> 0
A20: =A19+1 -> 46129 | H20: =SUM(C20:G20) -> 0
A21: =A20+1 -> 46130 | H21: =SUM(C21:G21) -> 0
A22: =A21+1 -> 46131 | H22: =SUM(C22:G22) -> 0 | K22: Sollstunden | L22: 174
A23: =A22+1 -> 46132 | H23: =SUM(C23:G23) -> 0 | K23: Überstunden | L23: =IMSUB(E37,L22) -> 175,25
A24: =A23+1 -> 46133 | H24: =SUM(C24:G24) -> 0 | K24: Stunden Ausbezahlt
A25: =A24+1 -> 46134 | H25: =SUM(C25:G25) -> 0 | K25: Restsaldo | L25: =IMSUB(L23,L24) -> 175,25
A26: =A25+1 -> 46135 | H26: =SUM(C26:G26) -> 0 | K26: Kontostand Stunden | L26: =L25+'2026'!B9 -> 175.25
A27: =A26+1 -> 46136 | H27: =SUM(C27:G27) -> 0
A28: =A27+1 -> 46137 | H28: =SUM(C28:G28) -> 0
A29: =A28+1 -> 46138 | H29: =SUM(C29:G29) -> 0
A30: =A29+1 -> 46139 | B30: Urlaub | H30: 8 | I30: 1
A31: =A30+1 -> 46140 | B31: Urlaub | H31: 8 | I31: 1 | K31: Jahsresurlaub
A32: =A31+1 -> 46141 | B32: Urlaub | H32: 8 | I32: 1 | K32: =Urlaub -> 30
A33: =A32+1 -> 46142 | B33: Urlaub | H33: 8 | I33: 1
A34: =A33+1 -> 46143 | H34: =SUM(C34:G34) -> 0 | K34: Resturlaub
C35: =C4+C5+C6+C7+C8+C9+C10+C11+C12+C13+C14+C15+C16+C17+C18+C19+C20+C21+C22+C23+C24+C25+C26+C27+C28+C29+C30+C31+C32+C33+C34 -> 0 | D35: =D4+D5+D6+D7+D8+D9+D10+D11+D12+D13+D14+D15+D16+D17+D18+D19+D20+D21+D22+D23+D24+D25+D26+D27+D28+D29+D30+D31+D32+D33+D34 -> 0 | E35: =E4+E5+E6+E7+E8+E9+E10+E11+E12+E13+E14+E15+E16+E17+E18+E19+E20+E21+E22+E23+E24+E25+E26+E27+E28+E29+E30+E31+E32+E33+E34 -> 0 | F35: =SUM(F4:F34) -> 0 | G35: =SUM(G4:G34) -> 0 | H35: =SUM(H4:H34) -> 64 | I35: =SUM(I4:I34) -> 6 | J35: =SUM(J4:J34) -> 0 | K35: =Resturlaub -> 22
E37: =E2+H35 -> 349.25

Sheet Mai 2026
A1: 5 | B1: =DATE(D1,A1,1) -> 46143 | C1: ='2026'!B3 -> Vadim Erke | D1: 2026
B2: Übertrag von Vormonat | E2: ='April 2026'!L25 -> 175,25
B3: Arbeitsort | C3: Stunden | D3: Stunden | E3: Stunden | F3: Stunden | G3: Werkstatt | H3: Stunden Summe | I3: Urlaub | J3: Krank
A4: =DATE($D$1,$A$1,1) -> 46143 | H4: =SUM(C4:G4) -> 0
A5: =A4+1 -> 46144 | H5: =SUM(C5:G5) -> 0
A6: =A5+1 -> 46145 | H6: =SUM(C6:G6) -> 0
A7: =A6+1 -> 46146 | H7: =SUM(C7:G7) -> 0
A8: =A7+1 -> 46147 | H8: =SUM(C8:G8) -> 0
A9: =A8+1 -> 46148 | H9: =SUM(C9:G9) -> 0
A10: =A9+1 -> 46149 | H10: =SUM(C10:G10) -> 0
A11: =A10+1 -> 46150 | H11: =SUM(C11:G11) -> 0
A12: =A11+1 -> 46151 | H12: =SUM(C12:G12) -> 0
A13: =A12+1 -> 46152 | H13: =SUM(C13:G13) -> 0
A14: =A13+1 -> 46153 | H14: =SUM(C14:G14) -> 0
A15: =A14+1 -> 46154 | H15: =SUM(C15:G15) -> 0
A16: =A15+1 -> 46155 | H16: =SUM(C16:G16) -> 0
... A21: =A20+1 -> 46160 | H21: =SUM(C21:G21) -> 0
A22: =A21+1 -> 46161 | H22: =SUM(C22:G22) -> 0 | K22: Sollstunden
A23: =A22+1 -> 46162 | H23: =SUM(C23:G23) -> 0 | K23: Überstunden | L23: =IMSUB(E37,L22) -> 175,25
A24: =A23+1 -> 46163 | H24: =SUM(C24:G24) -> 0 | K24: Stunden Ausbezahlt
A25: =A24+1 -> 46164 | H25: =SUM(C25:G25) -> 0 | K25: Restsaldo | L25: =IMSUB(L23,L24) -> 175,25
A26: =A25+1 -> 46165 | H26: =SUM(C26:G26) -> 0 | K26: Kontostand Stunden | L26: =L25+'2026'!B9 -> 175.25
A27: =A26+1 -> 46166 | H27: =SUM(C27:G27) -> 0
A28: =A27+1 -> 46167 | H28: =SUM(C28:G28) -> 0
A29: =A28+1 -> 46168 | H29: =SUM(C29:G29) -> 0
A30: =A29+1 -> 46169 | H30: =SUM(C30:G30) -> 0
A31: =A30+1 -> 46170 | H31: =SUM(C31:G31) -> 0 | K31: Jahsresurlaub
A32: =A31+1 -> 46171 | H32: =SUM(C32:G32) -> 0 | K32: =Urlaub -> 30
A33: =A32+1 -> 46172 | H33: =SUM(C33:G33) -> 0
A34: =A33+1 -> 46173 | H34: =SUM(C34:G34) -> 0 | K34: Resturlaub
C35: =C4+C5+C6+C7+C8+C9+C10+C11+C12+C13+C14+C15+C16+C17+C18+C19+C20+C21+C22+C23+C24+C25+C26+C27+C28+C29+C30+C31+C32+C33+C34 -> 0 | D35: =D4+D5+D6+D7+D8+D9+D10+D11+D12+D13+D14+D15+D16+D17+D18+D19+D20+D21+D22+D23+D24+D25+D26+D27+D28+D29+D30+D31+D32+D33+D34 -> 0 | E35: =E4+E5+E6+E7+E8+E9+E10+E11+E12+E13+E14+E15+E16+E17+E18+E19+E20+E21+E22+E23+E24+E25+E26+E27+E28+E29+E30+E31+E32+E33+E34 -> 0 | F35: =SUM(F4:F34) -> 0 | G35: =SUM(G4:G34) -> 0 | H35: =SUM(H4:H34) -> 0 | I35: =SUM(I4:I34) -> 0 | J35: =SUM(J4:J34) -> 0 | K35: =Resturlaub -> 22
E37: =E2+H35 -> 175.25

Sheet Juni 2026
A1: 6 | B1: =DATE(D1,A1,1) -> 46174 | C1: ='2026'!B3 -> Vadim Erke | D1: 2026
B2: Übertrag von Vormonat | E2: ='Mai 2026'!L25 -> 175,25
B3: Arbeitsort | C3: Stunden | D3: Stunden | E3: Stunden | F3: Stunden | G3: Werkstatt | H3: Stunden Summe | I3: Urlaub | J3: Krank
A4: =DATE($D$1,$A$1,1) -> 46174 | H4: =SUM(C4:G4) -> 0
A5: =A4+1 -> 46175 | H5: =SUM(C5:G5) -> 0
A6: =A5+1 -> 46176 | H6: =SUM(C6:G6) -> 0
A7: =A6+1 -> 46177 | H7: =SUM(C7:G7) -> 0
A8: =A7+1 -> 46178 | H8: =SUM(C8:G8) -> 0
A9: =A8+1 -> 46179 | H9: =SUM(C9:G9) -> 0
A10: =A9+1 -> 46180 | H10: =SUM(C10:G10) -> 0
A11: =A10+1 -> 46181 | H11: =SUM(C11:G11) -> 0
A12: =A11+1 -> 46182 | H12: =SUM(C12:G12) -> 0
A13: =A12+1 -> 46183 | H13: =SUM(C13:G13) -> 0
A14: =A13+1 -> 46184 | H14: =SUM(C14:G14) -> 0
A15: =A14+1 -> 46185 | H15: =SUM(C15:G15) -> 0
A16: =A15+1 -> 46186 | H16: =SUM(C16:G16) -> 0
... A21: =A20+1 -> 46191 | H21: =SUM(C21:G21) -> 0
A22: =A21+1 -> 46192 | H22: =SUM(C22:G22) -> 0 | K22: Sollstunden
A23: =A22+1 -> 46193 | H23: =SUM(C23:G23) -> 0 | K23: Überstunden | L23: =IMSUB(E37,L22) -> 175,25
A24: =A23+1 -> 46194 | H24: =SUM(C24:G24) -> 0 | K24: Stunden Ausbezahlt
A25: =A24+1 -> 46195 | H25: =SUM(C25:G25) -> 0 | K25: Restsaldo | L25: =IMSUB(L23,L24) -> 175,25
A26: =A25+1 -> 46196 | H26: =SUM(C26:G26) -> 0 | K26: Kontostand Stunden | L26: =L25+'2026'!B9 -> 175.25
A27: =A26+1 -> 46197 | H27: =SUM(C27:G27) -> 0
A28: =A27+1 -> 46198 | H28: =SUM(C28:G28) -> 0
A29: =A28+1 -> 46199 | H29: =SUM(C29:G29) -> 0
A30: =A29+1 -> 46200 | H30: =SUM(C30:G30) -> 0
A31: =A30+1 -> 46201 | H31: =SUM(C31:G31) -> 0 | K31: Jahsresurlaub
A32: =A31+1 -> 46202 | H32: =SUM(C32:G32) -> 0 | K32: =Urlaub -> 30
A33: =A32+1 -> 46203 | H33: =SUM(C33:G33) -> 0
A34: =A33+1 -> 46204 | H34: =SUM(C34:G34) -> 0 | K34: Resturlaub
C35: =C4+C5+C6+C7+C8+C9+C10+C11+C12+C13+C14+C15+C16+C17+C18+C19+C20+C21+C22+C23+C24+C25+C26+C27+C28+C29+C30+C31+C32+C33+C34 -> 0 | D35: =D4+D5+D6+D7+D8+D9+D10+D11+D12+D13+D14+D15+D16+D17+D18+D19+D20+D21+D22+D23+D24+D25+D26+D27+D28+D29+D30+D31+D32+D33+D34 -> 0 | E35: =E4+E5+E6+E7+E8+E9+E10+E11+E12+E13+E14+E15+E16+E17+E18+E19+E20+E21+E22+E23+E24+E25+E26+E27+E28+E29+E30+E31+E32+E33+E34 -> 0 | F35: =SUM(F4:F34) -> 0 | G35: =SUM(G4:G34) -> 0 | H35: =SUM(H4:H34) -> 0 | I35: =SUM(I4:I34) -> 0 | J35: =SUM(J4:J34) -> 0 | K35: =Resturlaub -> 22
E37: =E2+H35 -> 175.25

Sheet Juli 2026
A1: 7 | B1: =DATE(D1,A1,1) -> 46204 | C1: ='2026'!B3 -> Vadim Erke | D1: 2026
B2: Übertrag von Vormonat | E2: ='Juni 2026'!L25 -> 175,25
B3: Arbeitsort | C3: Stunden | D3: Stunden | E3: Stunden | F3: Stunden | G3: Werkstatt | H3: Stunden Summe | I3: Urlaub | J3: Krank
A4: =DATE($D$1,$A$1,1) -> 46204 | H4: =SUM(C4:G4) -> 0
A5: =A4+1 -> 46205 | H5: =SUM(C5:G5) -> 0
A6: =A5+1 -> 46206 | H6: =SUM(C6:G6) -> 0
A7: =A6+1 -> 46207 | H7: =SUM(C7:G7) -> 0
A8: =A7+1 -> 46208 | H8: =SUM(C8:G8) -> 0
A9: =A8+1 -> 46209 | H9: =SUM(C9:G9) -> 0
A10: =A9+1 -> 46210 | H10: =SUM(C10:G10) -> 0
A11: =A10+1 -> 46211 | H11: =SUM(C11:G11) -> 0
A12: =A11+1 -> 46212 | H12: =SUM(C12:G12) -> 0
A13: =A12+1 -> 46213 | H13: =SUM(C13:G13) -> 0
A14: =A13+1 -> 46214 | H14: =SUM(C14:G14) -> 0
A15: =A14+1 -> 46215 | H15: =SUM(C15:G15) -> 0
A16: =A15+1 -> 46216 | H16: =SUM(C16:G16) -> 0
... A21: =A20+1 -> 46221 | H21: =SUM(C21:G21) -> 0
A22: =A21+1 -> 46222 | H22: =SUM(C22:G22) -> 0 | K22: Sollstunden
A23: =A22+1 -> 46223 | H23: =SUM(C23:G23) -> 0 | K23: Überstunden | L23: =IMSUB(E37,L22) -> 175,25
A24: =A23+1 -> 46224 | H24: =SUM(C24:G24) -> 0 | K24: Stunden Ausbezahlt
A25: =A24+1 -> 46225 | H25: =SUM(C25:G25) -> 0 | K25: Restsaldo | L25: =IMSUB(L23,L24) -> 175,25
A26: =A25+1 -> 46226 | H26: =SUM(C26:G26) -> 0 | K26: Kontostand Stunden | L26: =L25+'2026'!B9 -> 175.25
A27: =A26+1 -> 46227 | H27: =SUM(C27:G27) -> 0
A28: =A27+1 -> 46228 | H28: =SUM(C28:G28) -> 0
A29: =A28+1 -> 46229 | H29: =SUM(C29:G29) -> 0
A30: =A29+1 -> 46230 | H30: =SUM(C30:G30) -> 0
A31: =A30+1 -> 46231 | H31: =SUM(C31:G31) -> 0 | K31: Jahsresurlaub
A32: =A31+1 -> 46232 | H32: =SUM(C32:G32) -> 0 | K32: =Urlaub -> 30
A33: =A32+1 -> 46233 | H33: =SUM(C33:G33) -> 0
A34: =A33+1 -> 46234 | H34: =SUM(C34:G34) -> 0 | K34: Resturlaub
C35: =C4+C5+C6+C7+C8+C9+C10+C11+C12+C13+C14+C15+C16+C17+C18+C19+C20+C21+C22+C23+C24+C25+C26+C27+C28+C29+C30+C31+C32+C33+C34 -> 0 | D35: =D4+D5+D6+D7+D8+D9+D10+D11+D12+D13+D14+D15+D16+D17+D18+D19+D20+D21+D22+D23+D24+D25+D26+D27+D28+D29+D30+D31+D32+D33+D34 -> 0 | E35: =E4+E5+E6+E7+E8+E9+E10+E11+E12+E13+E14+E15+E16+E17+E18+E19+E20+E21+E22+E23+E24+E25+E26+E27+E28+E29+E30+E31+E32+E33+E34 -> 0 | F35: =SUM(F4:F34) -> 0 | G35: =SUM(G4:G34) -> 0 | H35: =SUM(H4:H34) -> 0 | I35: =SUM(I4:I34) -> 0 | J35: =SUM(J4:J34) -> 0 | K35: =Resturlaub -> 22
E37: =E2+H35 -> 175.25

Sheet August 2026
A1: 8 | B1: =DATE(D1,A1,1) -> 46235 | C1: ='2026'!B3 -> Vadim Erke | D1: 2026
B2: Übertrag von Vormonat | E2: ='Juli 2026'!L25 -> 175,25
B3: Arbeitsort | C3: Stunden | D3: Stunden | E3: Stunden | F3: Stunden | G3: Werkstatt | H3: Stunden Summe | I3: Urlaub | J3: Krank
A4: =DATE($D$1,$A$1,1) -> 46235 | H4: =SUM(C4:G4) -> 0
A5: =A4+1 -> 46236 | H5: =SUM(C5:G5) -> 0
A6: =A5+1 -> 46237 | H6: =SUM(C6:G6) -> 0
A7: =A6+1 -> 46238 | H7: =SUM(C7:G7) -> 0
A8: =A7+1 -> 46239 | H8: =SUM(C8:G8) -> 0
A9: =A8+1 -> 46240 | H9: =SUM(C9:G9) -> 0
A10: =A9+1 -> 46241 | H10: =SUM(C10:G10) -> 0
A11: =A10+1 -> 46242 | H11: =SUM(C11:G11) -> 0
A12: =A11+1 -> 46243 | H12: =SUM(C12:G12) -> 0
A13: =A12+1 -> 46244 | H13: =SUM(C13:G13) -> 0
A14: =A13+1 -> 46245 | H14: =SUM(C14:G14) -> 0
A15: =A14+1 -> 46246 | H15: =SUM(C15:G15) -> 0
A16: =A15+1 -> 46247 | H16: =SUM(C16:G16) -> 0
... A21: =A20+1 -> 46252 | H21: =SUM(C21:G21) -> 0
A22: =A21+1 -> 46253 | H22: =SUM(C22:G22) -> 0 | K22: Sollstunden
A23: =A22+1 -> 46254 | H23: =SUM(C23:G23) -> 0 | K23: Überstunden | L23: =IMSUB(E37,L22) -> 175,25
A24: =A23+1 -> 46255 | H24: =SUM(C24:G24) -> 0 | K24: Stunden Ausbezahlt
A25: =A24+1 -> 46256 | H25: =SUM(C25:G25) -> 0 | K25: Restsaldo | L25: =IMSUB(L23,L24) -> 175,25
A26: =A25+1 -> 46257 | H26: =SUM(C26:G26) -> 0 | K26: Kontostand Stunden | L26: =L25+'2026'!B9 -> 175.25
A27: =A26+1 -> 46258 | H27: =SUM(C27:G27) -> 0
A28: =A27+1 -> 46259 | H28: =SUM(C28:G28) -> 0
A29: =A28+1 -> 46260 | H29: =SUM(C29:G29) -> 0
A30: =A29+1 -> 46261 | H30: =SUM(C30:G30) -> 0
A31: =A30+1 -> 46262 | H31: =SUM(C31:G31) -> 0 | K31: Jahsresurlaub
A32: =A31+1 -> 46263 | H32: =SUM(C32:G32) -> 0 | K32: =Urlaub -> 30
A33: =A32+1 -> 46264 | H33: =SUM(C33:G33) -> 0
A34: =A33+1 -> 46265 | H34: =SUM(C34:G34) -> 0 | K34: Resturlaub
C35: =C4+C5+C6+C7+C8+C9+C10+C11+C12+C13+C14+C15+C16+C17+C18+C19+C20+C21+C22+C23+C24+C25+C26+C27+C28+C29+C30+C31+C32+C33+C34 -> 0 | D35: =D4+D5+D6+D7+D8+D9+D10+D11+D12+D13+D14+D15+D16+D17+D18+D19+D20+D21+D22+D23+D24+D25+D26+D27+D28+D29+D30+D31+D32+D33+D34 -> 0 | E35: =E4+E5+E6+E7+E8+E9+E10+E11+E12+E13+E14+E15+E16+E17+E18+E19+E20+E21+E22+E23+E24+E25+E26+E27+E28+E29+E30+E31+E32+E33+E34 -> 0 | F35: =SUM(F4:F34) -> 0 | G35: =SUM(G4:G34) -> 0 | H35: =SUM(H4:H34) -> 0 | I35: =SUM(I4:I34) -> 0 | J35: =SUM(J4:J34) -> 0 | K35: =Resturlaub -> 22
E37: =E2+H35 -> 175.25

Sheet September 2026
A1: 9 | B1: =DATE(D1,A1,1) -> 46266 | C1: ='2026'!B3 -> Vadim Erke | D1: 2026
B2: Übertrag von Vormonat | E2: ='August 2026'!L25 -> 175,25
B3: Arbeitsort | C3: Stunden | D3: Stunden | E3: Stunden | F3: Stunden | G3: Werkstatt | H3: Stunden Summe | I3: Urlaub | J3: Krank
A4: =DATE($D$1,$A$1,1) -> 46266 | H4: =SUM(C4:G4) -> 0
A5: =A4+1 -> 46267 | H5: =SUM(C5:G5) -> 0
A6: =A5+1 -> 46268 | H6: =SUM(C6:G6) -> 0
A7: =A6+1 -> 46269 | H7: =SUM(C7:G7) -> 0
A8: =A7+1 -> 46270 | H8: =SUM(C8:G8) -> 0
A9: =A8+1 -> 46271 | H9: =SUM(C9:G9) -> 0
A10: =A9+1 -> 46272 | H10: =SUM(C10:G10) -> 0
A11: =A10+1 -> 46273 | H11: =SUM(C11:G11) -> 0
A12: =A11+1 -> 46274 | H12: =SUM(C12:G12) -> 0
A13: =A12+1 -> 46275 | H13: =SUM(C13:G13) -> 0
A14: =A13+1 -> 46276 | H14: =SUM(C14:G14) -> 0
A15: =A14+1 -> 46277 | H15: =SUM(C15:G15) -> 0
A16: =A15+1 -> 46278 | H16: =SUM(C16:G16) -> 0
... A21: =A20+1 -> 46283 | H21: =SUM(C21:G21) -> 0
A22: =A21+1 -> 46284 | H22: =SUM(C22:G22) -> 0 | K22: Sollstunden
A23: =A22+1 -> 46285 | H23: =SUM(C23:G23) -> 0 | K23: Überstunden | L23: =IMSUB(E37,L22) -> 175,25
A24: =A23+1 -> 46286 | H24: =SUM(C24:G24) -> 0 | K24: Stunden Ausbezahlt
A25: =A24+1 -> 46287 | H25: =SUM(C25:G25) -> 0 | K25: Restsaldo | L25: =IMSUB(L23,L24) -> 175,25
A26: =A25+1 -> 46288 | H26: =SUM(C26:G26) -> 0 | K26: Kontostand Stunden | L26: =L25+'2026'!B9 -> 175.25
A27: =A26+1 -> 46289 | H27: =SUM(C27:G27) -> 0
A28: =A27+1 -> 46290 | H28: =SUM(C28:G28) -> 0
A29: =A28+1 -> 46291 | H29: =SUM(C29:G29) -> 0
A30: =A29+1 -> 46292 | H30: =SUM(C30:G30) -> 0
A31: =A30+1 -> 46293 | H31: =SUM(C31:G31) -> 0 | K31: Jahsresurlaub
A32: =A31+1 -> 46294 | H32: =SUM(C32:G32) -> 0 | K32: =Urlaub -> 30
A33: =A32+1 -> 46295 | H33: =SUM(C33:G33) -> 0
A34: =A33+1 -> 46296 | H34: =SUM(C34:G34) -> 0 | K34: Resturlaub
C35: =C4+C5+C6+C7+C8+C9+C10+C11+C12+C13+C14+C15+C16+C17+C18+C19+C20+C21+C22+C23+C24+C25+C26+C27+C28+C29+C30+C31+C32+C33+C34 -> 0 | D35: =D4+D5+D6+D7+D8+D9+D10+D11+D12+D13+D14+D15+D16+D17+D18+D19+D20+D21+D22+D23+D24+D25+D26+D27+D28+D29+D30+D31+D32+D33+D34 -> 0 | E35: =E4+E5+E6+E7+E8+E9+E10+E11+E12+E13+E14+E15+E16+E17+E18+E19+E20+E21+E22+E23+E24+E25+E26+E27+E28+E29+E30+E31+E32+E33+E34 -> 0 | F35: =SUM(F4:F34) -> 0 | G35: =SUM(G4:G34) -> 0 | H35: =SUM(H4:H34) -> 0 | I35: =SUM(I4:I34) -> 0 | J35: =SUM(J4:J34) -> 0 | K35: =Resturlaub -> 22
E37: =E2+H35 -> 175.25

Sheet Oktober 2026
A1: 10 | B1: =DATE(D1,A1,1) -> 46296 | C1: ='2026'!B3 -> Vadim Erke | D1: 2026
B2: Übertrag von Vormonat | E2: ='September 2026'!L25 -> 175,25
B3: Arbeitsort | C3: Stunden | D3: Stunden | E3: Stunden | F3: Stunden | G3: Werkstatt | H3: Stunden Summe | I3: Urlaub | J3: Krank
A4: =DATE($D$1,$A$1,1) -> 46296 | H4: =SUM(C4:G4) -> 0
A5: =A4+1 -> 46297 | H5: =SUM(C5:G5) -> 0
A6: =A5+1 -> 46298 | H6: =SUM(C6:G6) -> 0
A7: =A6+1 -> 46299 | H7: =SUM(C7:G7) -> 0
A8: =A7+1 -> 46300 | H8: =SUM(C8:G8) -> 0
A9: =A8+1 -> 46301 | H9: =SUM(C9:G9) -> 0
A10: =A9+1 -> 46302 | H10: =SUM(C10:G10) -> 0
A11: =A10+1 -> 46303 | H11: =SUM(C11:G11) -> 0
A12: =A11+1 -> 46304 | H12: =SUM(C12:G12) -> 0
A13: =A12+1 -> 46305 | H13: =SUM(C13:G13) -> 0
A14: =A13+1 -> 46306 | H14: =SUM(C14:G14) -> 0
A15: =A14+1 -> 46307 | H15: =SUM(C15:G15) -> 0
A16: =A15+1 -> 46308 | H16: =SUM(C16:G16) -> 0
... A21: =A20+1 -> 46313 | H21: =SUM(C21:G21) -> 0
A22: =A21+1 -> 46314 | H22: =SUM(C22:G22) -> 0 | K22: Sollstunden
A23: =A22+1 -> 46315 | H23: =SUM(C23:G23) -> 0 | K23: Überstunden | L23: =IMSUB(E37,L22) -> 175,25
A24: =A23+1 -> 46316 | H24: =SUM(C24:G24) -> 0 | K24: Stunden Ausbezahlt
A25: =A24+1 -> 46317 | H25: =SUM(C25:G25) -> 0 | K25: Restsaldo | L25: =IMSUB(L23,L24) -> 175,25
A26: =A25+1 -> 46318 | H26: =SUM(C26:G26) -> 0 | K26: Kontostand Stunden | L26: =L25+'2026'!B9 -> 175.25
A27: =A26+1 -> 46319 | H27: =SUM(C27:G27) -> 0
A28: =A27+1 -> 46320 | H28: =SUM(C28:G28) -> 0
A29: =A28+1 -> 46321 | H29: =SUM(C29:G29) -> 0
A30: =A29+1 -> 46322 | H30: =SUM(C30:G30) -> 0
A31: =A30+1 -> 46323 | H31: =SUM(C31:G31) -> 0 | K31: Jahsresurlaub
A32: =A31+1 -> 46324 | H32: =SUM(C32:G32) -> 0 | K32: =Urlaub -> 30
A33: =A32+1 -> 46325 | H33: =SUM(C33:G33) -> 0
A34: =A33+1 -> 46326 | H34: =SUM(C34:G34) -> 0 | K34: Resturlaub
C35: =C4+C5+C6+C7+C8+C9+C10+C11+C12+C13+C14+C15+C16+C17+C18+C19+C20+C21+C22+C23+C24+C25+C26+C27+C28+C29+C30+C31+C32+C33+C34 -> 0 | D35: =D4+D5+D6+D7+D8+D9+D10+D11+D12+D13+D14+D15+D16+D17+D18+D19+D20+D21+D22+D23+D24+D25+D26+D27+D28+D29+D30+D31+D32+D33+D34 -> 0 | E35: =E4+E5+E6+E7+E8+E9+E10+E11+E12+E13+E14+E15+E16+E17+E18+E19+E20+E21+E22+E23+E24+E25+E26+E27+E28+E29+E30+E31+E32+E33+E34 -> 0 | F35: =SUM(F4:F34) -> 0 | G35: =SUM(G4:G34) -> 0 | H35: =SUM(H4:H34) -> 0 | I35: =SUM(I4:I34) -> 0 | J35: =SUM(J4:J34) -> 0 | K35: =Resturlaub -> 22
E37: =E2+H35 -> 175.25

Sheet November 2026
A1: 11 | B1: =DATE(D1,A1,1) -> 46327 | C1: ='2026'!B3 -> Vadim Erke | D1: 2026
B2: Übertrag von Vormonat | E2: ='Oktober 2026'!L25 -> 175,25
B3: Arbeitsort | C3: Stunden | D3: Stunden | E3: Stunden | F3: Stunden | G3: Werkstatt | H3: Stunden Summe | I3: Urlaub | J3: Krank
A4: =DATE($D$1,$A$1,1) -> 46327 | H4: =SUM(C4:G4) -> 0
A5: =A4+1 -> 46328 | H5: =SUM(C5:G5) -> 0
A6: =A5+1 -> 46329 | H6: =SUM(C6:G6) -> 0
A7: =A6+1 -> 46330 | H7: =SUM(C7:G7) -> 0
A8: =A7+1 -> 46331 | H8: =SUM(C8:G8) -> 0
A9: =A8+1 -> 46332 | H9: =SUM(C9:G9) -> 0
A10: =A9+1 -> 46333 | H10: =SUM(C10:G10) -> 0
A11: =A10+1 -> 46334 | H11: =SUM(C11:G11) -> 0
A12: =A11+1 -> 46335 | H12: =SUM(C12:G12) -> 0
A13: =A12+1 -> 46336 | H13: =SUM(C13:G13) -> 0
A14: =A13+1 -> 46337 | H14: =SUM(C14:G14) -> 0
A15: =A14+1 -> 46338 | H15: =SUM(C15:G15) -> 0
A16: =A15+1 -> 46339 | H16: =SUM(C16:G16) -> 0
... A21: =A20+1 -> 46344 | H21: =SUM(C21:G21) -> 0
A22: =A21+1 -> 46345 | H22: =SUM(C22:G22) -> 0 | K22: Sollstunden
A23: =A22+1 -> 46346 | H23: =SUM(C23:G23) -> 0 | K23: Überstunden | L23: =IMSUB(E37,L22) -> 175,25
A24: =A23+1 -> 46347 | H24: =SUM(C24:G24) -> 0 | K24: Stunden Ausbezahlt
A25: =A24+1 -> 46348 | H25: =SUM(C25:G25) -> 0 | K25: Restsaldo | L25: =IMSUB(L23,L24) -> 175,25
A26: =A25+1 -> 46349 | H26: =SUM(C26:G26) -> 0 | K26: Kontostand Stunden | L26: =L25+'2026'!B9 -> 175.25
A27: =A26+1 -> 46350 | H27: =SUM(C27:G27) -> 0
A28: =A27+1 -> 46351 | H28: =SUM(C28:G28) -> 0
A29: =A28+1 -> 46352 | H29: =SUM(C29:G29) -> 0
A30: =A29+1 -> 46353 | H30: =SUM(C30:G30) -> 0
A31: =A30+1 -> 46354 | H31: =SUM(C31:G31) -> 0 | K31: Jahsresurlaub
A32: =A31+1 -> 46355 | H32: =SUM(C32:G32) -> 0 | K32: =Urlaub -> 30
A33: =A32+1 -> 46356 | H33: =SUM(C33:G33) -> 0
A34: =A33+1 -> 46357 | H34: =SUM(C34:G34) -> 0 | K34: Resturlaub
C35: =C4+C5+C6+C7+C8+C9+C10+C11+C12+C13+C14+C15+C16+C17+C18+C19+C20+C21+C22+C23+C24+C25+C26+C27+C28+C29+C30+C31+C32+C33+C34 -> 0 | D35: =D4+D5+D6+D7+D8+D9+D10+D11+D12+D13+D14+D15+D16+D17+D18+D19+D20+D21+D22+D23+D24+D25+D26+D27+D28+D29+D30+D31+D32+D33+D34 -> 0 | E35: =E4+E5+E6+E7+E8+E9+E10+E11+E12+E13+E14+E15+E16+E17+E18+E19+E20+E21+E22+E23+E24+E25+E26+E27+E28+E29+E30+E31+E32+E33+E34 -> 0 | F35: =SUM(F4:F34) -> 0 | G35: =SUM(G4:G34) -> 0 | H35: =SUM(H4:H34) -> 0 | I35: =SUM(I4:I34) -> 0 | J35: =SUM(J4:J34) -> 0 | K35: =Resturlaub -> 22
E37: =E2+H35 -> 175.25

Sheet Dezember 2026
A1: 12 | B1: =DATE(D1,A1,1) -> 46357 | C1: ='2026'!B3 -> Vadim Erke | D1: 2026
B2: Übertrag von Vormonat | E2: ='November 2026'!L25 -> 175,25
B3: Arbeitsort | C3: Stunden | D3: Stunden | E3: Stunden | F3: Stunden | G3: Werkstatt | H3: Stunden Summe | I3: Urlaub | J3: Krank
A4: =DATE($D$1,$A$1,1) -> 46357 | H4: =SUM(C4:G4) -> 0
A5: =A4+1 -> 46358 | H5: =SUM(C5:G5) -> 0
A6: =A5+1 -> 46359 | H6: =SUM(C6:G6) -> 0
A7: =A6+1 -> 46360 | H7: =SUM(C7:G7) -> 0
A8: =A7+1 -> 46361 | H8: =SUM(C8:G8) -> 0
A9: =A8+1 -> 46362 | H9: =SUM(C9:G9) -> 0
A10: =A9+1 -> 46363 | H10: =SUM(C10:G10) -> 0
A11: =A10+1 -> 46364 | H11: =SUM(C11:G11) -> 0
A12: =A11+1 -> 46365 | H12: =SUM(C12:G12) -> 0
A13: =A12+1 -> 46366 | H13: =SUM(C13:G13) -> 0
A14: =A13+1 -> 46367 | H14: =SUM(C14:G14) -> 0
A15: =A14+1 -> 46368 | H15: =SUM(C15:G15) -> 0
A16: =A15+1 -> 46369 | H16: =SUM(C16:G16) -> 0
... A21: =A20+1 -> 46374 | H21: =SUM(C21:G21) -> 0
A22: =A21+1 -> 46375 | H22: =SUM(C22:G22) -> 0 | K22: Sollstunden
A23: =A22+1 -> 46376 | H23: =SUM(C23:G23) -> 0 | K23: Überstunden | L23: =IMSUB(E37,L22) -> 175,25
A24: =A23+1 -> 46377 | H24: =SUM(C24:G24) -> 0 | K24: Stunden Ausbezahlt
A25: =A24+1 -> 46378 | H25: =SUM(C25:G25) -> 0 | K25: Restsaldo | L25: =IMSUB(L23,L24) -> 175,25
A26: =A25+1 -> 46379 | H26: =SUM(C26:G26) -> 0 | K26: Kontostand Stunden | L26: =L25+'2026'!B9 -> 175.25
A27: =A26+1 -> 46380 | H27: =SUM(C27:G27) -> 0
A28: =A27+1 -> 46381 | H28: =SUM(C28:G28) -> 0
A29: =A28+1 -> 46382 | H29: =SUM(C29:G29) -> 0
A30: =A29+1 -> 46383 | H30: =SUM(C30:G30) -> 0
A31: =A30+1 -> 46384 | H31: =SUM(C31:G31) -> 0 | K31: Jahsresurlaub
A32: =A31+1 -> 46385 | H32: =SUM(C32:G32) -> 0 | K32: =Urlaub -> 30
A33: =A32+1 -> 46386 | H33: =SUM(C33:G33) -> 0
A34: =A33+1 -> 46387 | H34: =SUM(C34:G34) -> 0 | K34: Resturlaub
C35: =C4+C5+C6+C7+C8+C9+C10+C11+C12+C13+C14+C15+C16+C17+C18+C19+C20+C21+C22+C23+C24+C25+C26+C27+C28+C29+C30+C31+C32+C33+C34 -> 0 | D35: =D4+D5+D6+D7+D8+D9+D10+D11+D12+D13+D14+D15+D16+D17+D18+D19+D20+D21+D22+D23+D24+D25+D26+D27+D28+D29+D30+D31+D32+D33+D34 -> 0 | E35: =E4+E5+E6+E7+E8+E9+E10+E11+E12+E13+E14+E15+E16+E17+E18+E19+E20+E21+E22+E23+E24+E25+E26+E27+E28+E29+E30+E31+E32+E33+E34 -> 0 | F35: =SUM(F4:F34) -> 0 | G35: =SUM(G4:G34) -> 0 | H35: =SUM(H4:H34) -> 0 | I35: =SUM(I4:I34) -> 0 | J35: =SUM(J4:J34) -> 0 | K35: =Resturlaub -> 22
E37: =E2+H35 -> 175.25

Sheet Feiertage
A1: Gesetzliche Feiertage 2026
A3: Datum | B3: Feiertag
A4: 46023 | B4: Neujahr
A5: 46028 | B5: Heilige Drei Könige
A6: 46115 | B6: Karfreitag
A7: 46117 | B7: Ostersonntag
A8: 46118 | B8: Ostermontag
A9: 46143 | B9: Tag der Arbeit
A10: 46156 | B10: Christi Himmelfahrt
A11: 46167 | B11: Pfingstmontag
A12: 46177 | B12: Fronleichnam
A13: 46298 | B13: Tag der Deutschen Einheit
A14: 46327 | B14: Allerheiligen
A15: 46381 | B15: 1. Weihnachtsfeiertag
A16: 46382 | B16: 2. Weihnachtsfeiertag
